,STDEV,AVG,MDN,EMOSI
0,0.2862536622050029,0.6823841818943577,0.7418103895970196,2
1,0.29685736739827623,0.4853835453684767,0.48695435892785555,2
2,0.2651191910243435,0.3185506444877208,0.22335577329934952,2
3,0.31145930674375777,0.5422501054755172,0.5659047660563865,2
4,0.29716225213511804,0.29473091356760817,0.20257680894191468,2
5,0.27928849205865686,0.4306305114939056,0.3901332236548633,2
6,0.2571120462917838,0.5449733316985886,0.5360871598025037,2
7,0.1410512352414207,0.21697552943421572,0.23202736477394484,2
8,0.2862536622050029,0.6823841818943577,0.7418103895970196,2
