,STDEV,AVG,MDN
0,0.19593104712210035,0.7352703276310111,0.8033084873510585
1,0.3112132045240038,0.5473713840464666,0.6221023531828025
2,0.23727773225020268,0.5000503674835932,0.46126902098889944
3,0.3059353356748385,0.5994546812458905,0.7476149146138631
4,0.35749516530900355,0.473311314224482,0.4213618750299495
5,0.3221615341890583,0.47154714773796785,0.45066166739575353
6,0.19885400047496674,0.6579941748257351,0.6677662287070517
7,0.1795808270191762,0.3076766388854254,0.2991693637915204
8,0.19593104712210035,0.7352703276310111,0.8033084873510585
